Name,Users,Hash
Video Downloader Unlimited,1000000,4acdd8bb16e0994bad52524a46e2e2474a4b374ae4ca80bb1980d81ec93c1137
WinSafe - быстрый доступ к сайтам!,700000,a807543d73ca78f08c24143a9ef8b6e9e21e0b074163b82684e9626d369c13a0
ProNet: Доступ к сайтам!,600000,5b581089313bcbfaaced14cae45b5c6c81b6d5e841ae547bbbb9ca6c0aa95c89
Fnet - Доступ к сайтам!,600000,d2876f38be0eafe10c8a4e4b6c184c9246d9ec2c8601340552ab106345e34536
Pnet: бесперебойный доступ к сайтам!,400000,36f761ffaf422ba2c92cb614b60e44878a9758d7793eb717fa9057dc851e585d
Snet: Сохрани свою анонимность!,300000,3a31bf43f06097a6b3c853031affaf316244bce3e8ad757d1acd62c8c1e5ad95
video downloader professional,300000,babbb4787f19f37f0c385efd272f42540f1967ca7efdd9998ae07c8a73a6e296
sVpn - Твоя анонимность в сети!,200000,d8eeff111ec21785baf2a97bbf3491f64fce8d89512d211b2066c8e40b5e36e3
Audio Recorder | Voice Recorder Search Addon,20000,f0de623d63e3c84ddf8177e4f9d3fd88c3570bb28352f592f0913bd6200bce8b
DataDive,10000,77b90678eb24c8f046eeb1d2c2c608cea8749adb8806490772d9ed83dadaa182
Cipafilter Authenticator,10000,a72d4508a93330dda5bde828f3a5bf1c706807a256e5c0799bd1789fbd810ebd
Video Downloader Pro,10000,0f08b97da68b43ff5866beb356151a74b590a3a6dfbaf101ba56baf466e5f779
Spotify Web Player,9000,dbb2800804ce8e39423df2b0eaf548a251227c0193645d336f34f45982c4d47e
国际站外贸侠助手 - 阿里国际站运营插件,5000,e223c66fb63e29f2d597b515dd8bfd4e6d297355670b70279395c75f89fa392a
SafeNet - Доступ к сайтам!,4000,afd11ac75a5ee1f6e6a32dd500f16fb30830ddb7f5728be1bb2391872ff61e61
"EternalWallet: EVM Wallet (BSC, ETH + more)",920,83906c9ce9a1582cd3905b541855ffcf4d147c8136918a70a3d4d67359ea3b11
Loy Legal > Automações Jurídicas,863,6dae931c8e98cd12421bbb2d8ed984c41d2ba26aca742f0f56b99c4b88f7bc71
Proxy-solutions setting,625,936a95fd09e94c44b0f3db13cbc1bcc203c2d0858da07ac0569e9ff42a5a4546
Aria2 Integration Extension,78,bada180e3a7f482c289bfd5bfa30f96f28c35f01f6722c6ef1f05007c08e65f8
Bonk VTOL,70,80fc026af0931c0d220c4f5f442a56a881991a98e4310f9d56172254a17ade0d
免费在线视频下载器Plus,69,7a5df4dc9633aec6adab89756163dfef328682c86ce95b141c2c886785c4eb77
Big Chip,56,9da18bf41de6f540310f259c4c71d66f7f28f9b4218ac81a443a20d843719add
Device Simulator,51,fcf02a4302aa450a014b2482974c3f99919c2d9fa39527fcffcb810cbd5b2a0f
Barracuda Chromebook Security For BCS,45,3a5024c2f378336ff55799b831517477e418cc66dbfb5d0cb5276d05bff7eb39
ST Checker,41,efc3fc803c1a592ff21e6ee4b1d8cdb0b94ebe83d4ae9dde6eeb7a4eac491a25
IE View WE Developer Edition,33,1e17b2800477cc011e7c796831f32e80a18de3c500f0a56d5659180e334ac0f5
SwiftSurf Extension,29,4312921c9d4d319dd81527ceb2e128f2326c6aefd21f10e0e2bc50181599951f
VPN orcA,10,fe763baabefd7071326a90d6080e2a5716cd0f446fc8a0870b99acbaa0404fef
HGregoire Credit Extension,6,5da8d410bd66e0e3f3d138a804814d8f22eb5df40dd2d6299e3081bd18671588
PinKeep,4,175dd3cafe9bb750b5aaf643369a7f30d8705ff06d90722362ebd34957c0d4f0
Best Advertisement Blocker,1,cc04d6d005a39fc86a483f712c9da96688349299a773e9b94cf936d69d275ac8
Rollio_1,1,64cf461862112ee818c676e6f44a03b1efdec9b990ca3dee33a6a7573f26f93c
PIND.AI,1,7c4898993111b85f83d86fd02d92fa56919d7d03cb1dcb2be07987cf0d309ffa
ThinBridge Enterprise Developer Edition,1,18b8e8b3b5c15215b268baeef637c800ebf895f994ae1649753c2056fe8081c6
解锁咪咕视频限制 / Unblock Migu Video-解除海外追剧地区限制,0,82742eff1721459d5d00b518604e9cbceb738ab287665aafe89f592ccc25788d
Adnexor,0,d14a6948e6a62b045c8458003a50a207cce0dbbb1dbbd1bb1ca11ac69acadf2d
Cydog Toolkit,0,69a230980a393e016c3611f547e4cebb3deb60b8d634026259af4e0b5124b48b
